,Store,Date,Weekly_Sales,Predictions
0,1,2012-04-13,1621031.7,1679791.5256436502
1,1,2012-04-20,1521577.87,1673430.1529087988
2,1,2012-04-27,1468928.37,1615576.121319171
3,1,2012-05-04,1684519.99,1710545.1425105892
4,1,2012-05-11,1611096.05,1703529.3675113772
5,1,2012-05-18,1595901.87,1588764.1810939468
6,1,2012-05-25,1555444.55,1619032.1640852585
7,1,2012-06-01,1624477.58,1710964.9415396566
8,1,2012-06-08,1697230.96,1690977.2786378
9,1,2012-06-15,1630607.0,1647913.077786513
10,1,2012-06-22,1527845.81,1599676.583803264
11,1,2012-06-29,1540421.49,1620373.790035611
12,1,2012-07-06,1769854.16,1655554.38827553
13,1,2012-07-13,1527014.04,1598911.6721146742
14,1,2012-07-20,1497954.76,1571552.3213361644
15,1,2012-07-27,1439123.71,1535906.4612074331
16,1,2012-08-03,1631135.79,1706028.1914649939
17,1,2012-08-10,1592409.97,1637832.0680107737
18,1,2012-08-17,1597868.05,1648521.6319698258
19,1,2012-08-24,1494122.38,1600213.1044494105
20,1,2012-08-31,1582083.4,1658639.2709475984
21,1,2012-09-07,1661767.33,1644055.0643514276
22,1,2012-09-14,1517428.87,1635612.0928672126
23,1,2012-09-21,1506126.06,1546649.6219434957
24,1,2012-09-28,1437059.26,1562523.6408686163
25,1,2012-10-05,1670785.97,1695251.3719069252
26,1,2012-10-12,1573072.81,1620184.906981407
27,1,2012-10-19,1508068.77,1616999.970594305
28,1,2012-10-26,1493659.74,1589808.3484909202
29,2,2012-04-13,1935869.1,1984070.84250532
30,2,2012-04-20,1847344.45,1998023.4958345096
31,2,2012-04-27,1764133.09,1904184.3610863427
32,2,2012-05-04,1923957.09,1957029.4642426153
33,2,2012-05-11,1917520.99,1951789.6556891883
34,2,2012-05-18,2000940.67,1853173.4770556255
35,2,2012-05-25,1912791.09,1915974.067615762
36,2,2012-06-01,1910092.37,1996164.535704127
37,2,2012-06-08,2010216.49,1987854.5638501756
38,2,2012-06-15,1962924.3,1998457.9127043774
39,2,2012-06-22,1887733.21,1891420.9054918697
40,2,2012-06-29,1881046.12,1933707.982315713
41,2,2012-07-06,2041507.4,1920336.729221946
42,2,2012-07-13,1830075.13,1873135.7696101028
43,2,2012-07-20,1819666.46,1842195.7496050356
44,2,2012-07-27,1757923.88,1798053.8720086438
45,2,2012-08-03,1946104.64,1915494.7456280035
46,2,2012-08-10,1866719.96,1870879.091519887
47,2,2012-08-17,1928016.01,1885535.4921507118
48,2,2012-08-24,1876788.15,1866557.711772781
49,2,2012-08-31,1947083.3,1854220.6117999044
50,2,2012-09-07,1898777.07,1811444.164761779
51,2,2012-09-14,1814806.63,1771362.8797077232
52,2,2012-09-21,1829415.67,1752979.7345624128
53,2,2012-09-28,1746470.56,1736496.1251578247
54,2,2012-10-05,1998321.04,1848901.7173933638
55,2,2012-10-12,1900745.13,1785785.9973861834
56,2,2012-10-19,1847990.41,1838045.6147655055
57,2,2012-10-26,1834458.35,1792669.0337763792
58,3,2012-04-13,420789.74,438645.58946364454
59,3,2012-04-20,434822.13,444471.2178157028
60,3,2012-04-27,394616.11,424619.6264330556
61,3,2012-05-04,439913.57,444628.4381114128
62,3,2012-05-11,431985.36,426021.56244643405
63,3,2012-05-18,418112.76,411022.20138630545
64,3,2012-05-25,413701.29,411206.0740332345
65,3,2012-06-01,432268.53,423108.8385108858
66,3,2012-06-08,446336.8,420038.7432984371
67,3,2012-06-15,442074.79,425326.00738370634
68,3,2012-06-22,419497.95,414570.5486672348
69,3,2012-06-29,422965.33,404745.8348136133
70,3,2012-07-06,411206.5,418524.6910718212
71,3,2012-07-13,416913.1,406151.0350366876
72,3,2012-07-20,432424.85,398727.98854253127
73,3,2012-07-27,389427.9,390060.12237721315
74,3,2012-08-03,419990.29,425255.5382316142
75,3,2012-08-10,391811.6,408803.0760982309
76,3,2012-08-17,394918.83,408266.99115231866
77,3,2012-08-24,412449.67,400794.60052532906
78,3,2012-08-31,408838.73,405947.2693368291
79,3,2012-09-07,408229.73,406582.46022801497
80,3,2012-09-14,407589.16,405542.0235656296
81,3,2012-09-21,414392.09,399758.15768628754
82,3,2012-09-28,389813.02,401449.8008419819
83,3,2012-10-05,443557.65,420506.38859391236
84,3,2012-10-12,410804.39,401199.0424300636
85,3,2012-10-19,424513.08,415780.62218730507
86,3,2012-10-26,405432.7,412735.0607702881
87,4,2012-04-13,2105301.39,2190855.329549333
88,4,2012-04-20,2144336.89,2354039.4543134193
89,4,2012-04-27,2064065.66,2134446.264145127
90,4,2012-05-04,2196968.33,2249995.5094979936
91,4,2012-05-11,2127661.17,2204446.5984320054
92,4,2012-05-18,2207214.81,2212944.426469283
93,4,2012-05-25,2154137.67,2188486.777668533
94,4,2012-06-01,2179360.94,2236156.5614593565
95,4,2012-06-08,2245257.18,2235630.886459013
96,4,2012-06-15,2234190.93,2275499.0886002486
97,4,2012-06-22,2197299.65,2188945.799047754
98,4,2012-06-29,2128362.92,2213527.649715473
99,4,2012-07-06,2224499.28,2218117.5121613992
100,4,2012-07-13,2100252.61,2205120.9822959993
101,4,2012-07-20,2175563.69,2193021.905739817
102,4,2012-07-27,2048613.65,2161940.784584425
103,4,2012-08-03,2174514.13,2262415.2620183798
104,4,2012-08-10,2193367.69,2226344.1047074245
105,4,2012-08-17,2283540.3,2300566.077919956
106,4,2012-08-24,2125241.68,2147885.676183918
107,4,2012-08-31,2081181.35,2199401.6659772513
108,4,2012-09-07,2125104.72,2205472.4819182707
109,4,2012-09-14,2117854.6,2191214.7131067105
110,4,2012-09-21,2119438.53,2161127.518911243
111,4,2012-09-28,2027620.23,2095250.5694344523
112,4,2012-10-05,2209835.43,2237637.9803842735
113,4,2012-10-12,2133026.07,2177799.14095747
114,4,2012-10-19,2097266.85,2256378.746856324
115,4,2012-10-26,2149594.46,2218732.054101271
116,5,2012-04-13,351832.03,353424.3489645509
117,5,2012-04-20,330063.06,368481.17037196184
118,5,2012-04-27,324839.74,352085.84121501935
119,5,2012-05-04,360932.69,363611.13331179065
120,5,2012-05-11,333870.52,341540.1096604293
121,5,2012-05-18,336189.66,348474.3065744031
122,5,2012-05-25,341994.48,344078.88056791725
123,5,2012-06-01,359867.8,364129.4782816577
124,5,2012-06-08,341704.59,347522.0843768377
125,5,2012-06-15,327383.64,348473.14865245845
126,5,2012-06-22,325041.68,345161.5758659288
127,5,2012-06-29,329658.1,359984.34634057275
128,5,2012-07-06,341214.43,348610.23990920756
129,5,2012-07-13,316203.64,333085.83892290265
130,5,2012-07-20,321205.12,336818.43661771005
131,5,2012-07-27,306827.36,326997.6357886814
132,5,2012-08-03,324195.17,350286.49385835486
133,5,2012-08-10,306759.7,334222.35341116914
134,5,2012-08-17,314014.18,340902.70478860836
135,5,2012-08-24,320831.36,344790.040201945
136,5,2012-08-31,344642.01,346687.6785243047
137,5,2012-09-07,350648.91,349751.37352421234
138,5,2012-09-14,299800.67,323914.39296286955
139,5,2012-09-21,307306.76,330977.59184563434
140,5,2012-09-28,310141.68,330735.7998836743
141,5,2012-10-05,343048.29,340228.3019242468
142,5,2012-10-12,325345.41,325941.0144511679
143,5,2012-10-19,313358.15,337210.65318675694
144,5,2012-10-26,319550.77,336914.28636934207
145,6,2012-04-13,1616394.45,1645120.736860186
146,6,2012-04-20,1456073.24,1763061.9223507466
147,6,2012-04-27,1456221.1,1650233.3491913702
148,6,2012-05-04,1543461.12,1663949.3471447078
149,6,2012-05-11,1517075.67,1620180.2886701103
150,6,2012-05-18,1513635.64,1573237.0292310652
151,6,2012-05-25,1603793.42,1650906.8925892133
152,6,2012-06-01,1681121.38,1760957.0961731793
153,6,2012-06-08,1696619.52,1684260.285790748
154,6,2012-06-15,1642247.48,1695011.2408903008
155,6,2012-06-22,1618272.25,1636548.6984452743
156,6,2012-06-29,1648863.46,1726802.7535408703
157,6,2012-07-06,1876359.39,1727464.096519006
158,6,2012-07-13,1588142.26,1608683.7027141205
159,6,2012-07-20,1574361.97,1600382.6458243623
160,6,2012-07-27,1513229.16,1569000.2153299844
161,6,2012-08-03,1627274.93,1634863.1949241944
162,6,2012-08-10,1588380.73,1556998.826689777
163,6,2012-08-17,1543049.52,1555026.8934905955
164,6,2012-08-24,1501095.49,1504236.2522889276
165,6,2012-08-31,1577439.81,1535530.0675695757
166,6,2012-09-07,1608077.01,1531643.1358227246
167,6,2012-09-14,1375166.86,1442267.2410322812
168,6,2012-09-21,1425603.65,1427511.5372025291
169,6,2012-09-28,1369131.46,1403236.4070038258
170,6,2012-10-05,1518177.71,1507029.9468901453
171,6,2012-10-12,1459396.84,1441246.8478160687
172,6,2012-10-19,1436883.99,1455738.4483022334
173,6,2012-10-26,1431426.34,1450670.675716894
174,7,2012-04-13,517420.23,549333.0654118843
175,7,2012-04-20,457340.06,573784.9857401837
176,7,2012-04-27,467827.75,532992.8049257672
177,7,2012-05-04,465198.89,528199.8562174095
178,7,2012-05-11,460397.41,527053.2097927585
179,7,2012-05-18,468428.3,530558.754062497
180,7,2012-05-25,532739.77,545613.52086792
181,7,2012-06-01,598495.02,594834.3090902612
182,7,2012-06-08,642963.75,638791.0879459007
183,7,2012-06-15,666942.02,629241.5896431451
184,7,2012-06-22,687344.68,642848.9607079031
185,7,2012-06-29,704335.41,679109.8262821826
186,7,2012-07-06,805642.61,710469.7648563202
187,7,2012-07-13,694150.89,633736.4018241268
188,7,2012-07-20,686345.69,657815.0669175012
189,7,2012-07-27,686365.4,633113.4328529041
190,7,2012-08-03,680954.81,655344.6755908562
191,7,2012-08-10,675926.3,636816.2951245934
192,7,2012-08-17,642450.4,617587.879324278
193,7,2012-08-24,609099.37,605013.2999131589
194,7,2012-08-31,586467.16,578449.2247867768
195,7,2012-09-07,597876.55,588095.3900248169
196,7,2012-09-14,541120.2,551477.2892349695
197,7,2012-09-21,530842.25,534319.7831803901
198,7,2012-09-28,525545.76,502060.6961667715
199,7,2012-10-05,505830.56,521849.8965661127
200,7,2012-10-12,503463.93,504090.76877917943
201,7,2012-10-19,516424.83,536129.8887565857
202,7,2012-10-26,495543.28,513881.6817952593
203,8,2012-04-13,909989.45,959408.6870078283
204,8,2012-04-20,872288.46,979399.9302027823
205,8,2012-04-27,879448.25,921357.8905739548
206,8,2012-05-04,937232.09,977205.7715528524
207,8,2012-05-11,920128.89,943249.3383931826
208,8,2012-05-18,913922.01,905357.1854247113
209,8,2012-05-25,895157.44,915025.6304156185
210,8,2012-06-01,921161.2,960256.7911644626
211,8,2012-06-08,928820.0,936039.7631382985
212,8,2012-06-15,916918.7,951248.9410431418
213,8,2012-06-22,899449.65,911276.9122267468
214,8,2012-06-29,878298.22,922430.2352745739
215,8,2012-07-06,936205.5,905355.8906325104
216,8,2012-07-13,890488.01,896625.0718694064
217,8,2012-07-20,888834.07,880870.978567586
218,8,2012-07-27,838227.52,865095.3796268143
219,8,2012-08-03,897076.73,916718.5845784816
220,8,2012-08-10,930745.69,892660.9040681357
221,8,2012-08-17,896613.19,914447.613992553
222,8,2012-08-24,936373.65,924135.2681204069
223,8,2012-08-31,976137.73,908159.786601837
224,8,2012-09-07,932160.37,879179.1058658069
225,8,2012-09-14,883569.38,891234.434750665
226,8,2012-09-21,857796.45,848482.0560390031
227,8,2012-09-28,884724.41,847874.663845771
228,8,2012-10-05,976436.02,923354.5614869487
229,8,2012-10-12,927511.99,878573.8739880066
230,8,2012-10-19,900309.75,904191.7219454227
231,8,2012-10-26,891671.44,883409.5302170961
232,9,2012-04-13,578539.86,607172.5995002851
233,9,2012-04-20,542819.03,619978.2501386361
234,9,2012-04-27,550414.99,606018.1589229859
235,9,2012-05-04,586289.08,613587.5179517218
236,9,2012-05-11,592572.3,606833.3423646624
237,9,2012-05-18,571463.93,593019.2284684
238,9,2012-05-25,547226.0,612573.1733398313
239,9,2012-06-01,583648.59,632473.3734522426
240,9,2012-06-08,582525.42,606780.4673689853
241,9,2012-06-15,564606.1,611177.803953849
242,9,2012-06-22,562173.12,596280.0864855223
243,9,2012-06-29,544770.7,594150.9111164713
244,9,2012-07-06,578790.36,591183.5865895852
245,9,2012-07-13,536537.64,575534.3000318917
246,9,2012-07-20,513991.57,559958.7493752319
247,9,2012-07-27,495951.0,546223.4955481227
248,9,2012-08-03,533887.54,596402.5999138677
249,9,2012-08-10,538713.47,573477.8634034907
250,9,2012-08-17,535153.47,584343.3819060466
251,9,2012-08-24,572887.78,584207.9921884933
252,9,2012-08-31,576879.15,583525.9135568166
253,9,2012-09-07,565812.29,572272.7794764104
254,9,2012-09-14,523427.35,552557.8998240241
255,9,2012-09-21,533756.88,555270.4114494255
256,9,2012-09-28,516361.06,554617.646179875
257,9,2012-10-05,606755.3,581620.287351943
258,9,2012-10-12,558464.8,564643.9372323435
259,9,2012-10-19,542009.46,580542.2413252613
260,9,2012-10-26,549731.49,573495.6154115212
261,10,2012-04-13,1974687.51,1937844.3989840248
262,10,2012-04-20,1777166.53,2080801.2257812063
263,10,2012-04-27,1712987.56,1979545.8933868883
264,10,2012-05-04,1821364.42,1958781.1906068048
265,10,2012-05-11,1792345.3,1861985.4538976648
266,10,2012-05-18,1795152.73,1864604.0085806935
267,10,2012-05-25,1830939.1,1864733.5675316225
268,10,2012-06-01,1767471.48,1891984.7991577839
269,10,2012-06-08,1840491.41,1846856.5983011124
270,10,2012-06-15,1811562.88,1891178.9814747374
271,10,2012-06-22,1755334.18,1813214.7139472563
272,10,2012-06-29,1707481.9,1832674.054327582
273,10,2012-07-06,1805999.79,1789985.9392351347
274,10,2012-07-13,1765571.91,1831544.4902036565
275,10,2012-07-20,1869967.03,1821710.8010716254
276,10,2012-07-27,1817603.66,1797459.648583361
277,10,2012-08-03,1939440.09,1877243.1820696318
278,10,2012-08-10,1880436.94,1890382.4082261627
279,10,2012-08-17,1827797.4,1905683.7296491237
280,10,2012-08-24,1764984.15,1756307.6002057306
281,10,2012-08-31,1650285.54,1767419.270175956
282,10,2012-09-07,1708283.28,1705307.374364949
283,10,2012-09-14,1640168.99,1685296.5242146002
284,10,2012-09-21,1671857.57,1700772.9454429531
285,10,2012-09-28,1694862.41,1656753.3978878316
286,10,2012-10-05,1758971.38,1751416.7361570436
287,10,2012-10-12,1713889.11,1691705.7203334311
288,10,2012-10-19,1734834.82,1711177.767634118
289,10,2012-10-26,1744349.05,1720633.8203243418
290,11,2012-04-13,1472752.01,1448554.3585425701
291,11,2012-04-20,1315356.99,1499533.5812215065
292,11,2012-04-27,1236238.29,1468583.22380265
293,11,2012-05-04,1370251.22,1454984.6256499058
294,11,2012-05-11,1300147.07,1410739.191385724
295,11,2012-05-18,1352442.31,1388489.0232431036
296,11,2012-05-25,1297335.87,1364564.8375380368
297,11,2012-06-01,1361595.33,1445104.5008588657
298,11,2012-06-08,1414343.53,1417986.4842255348
299,11,2012-06-15,1417875.42,1432761.116438731
300,11,2012-06-22,1355680.3,1372580.3504982777
301,11,2012-06-29,1297028.6,1399327.8271378565
302,11,2012-07-06,1461129.94,1415029.0070527988
303,11,2012-07-13,1320239.51,1371753.7515152397
304,11,2012-07-20,1344483.81,1379778.574156948
305,11,2012-07-27,1272395.02,1330107.3368336435
306,11,2012-08-03,1399341.07,1442791.5380177912
307,11,2012-08-10,1388973.65,1410717.141906904
308,11,2012-08-17,1421307.2,1486045.308234376
309,11,2012-08-24,1409515.73,1371924.7828625434
310,11,2012-08-31,1372872.35,1361828.98243779
311,11,2012-09-07,1304584.4,1329632.9680703233
312,11,2012-09-14,1267675.05,1337592.5182693824
313,11,2012-09-21,1326132.98,1313535.1632952304
314,11,2012-09-28,1227430.73,1280020.664900601
315,11,2012-10-05,1422794.26,1375367.6790559571
316,11,2012-10-12,1311965.09,1332942.725199247
317,11,2012-10-19,1232073.18,1354801.7161279942
318,11,2012-10-26,1200729.45,1341091.219764227
319,12,2012-04-13,1083811.19,1070970.1476852843
320,12,2012-04-20,1006486.96,1090229.5994194332
321,12,2012-04-27,1004252.38,1067635.331284913
322,12,2012-05-04,1073433.69,1086771.4138927523
323,12,2012-05-11,1041995.22,1050463.0740174726
324,12,2012-05-18,1020486.05,1018915.2315045997
325,12,2012-05-25,991514.21,1036631.9321238996
326,12,2012-06-01,981345.2,1041679.2995651703
327,12,2012-06-08,1086231.47,1051467.4773622758
328,12,2012-06-15,1019555.51,1045606.2323810707
329,12,2012-06-22,981386.25,1045966.4777898208
330,12,2012-06-29,943124.74,1023947.4893936964
331,12,2012-07-06,1014898.78,1006454.453366878
332,12,2012-07-13,960312.75,1001469.2525910577
333,12,2012-07-20,941550.34,987264.5563066235
334,12,2012-07-27,916967.92,966803.704153082
335,12,2012-08-03,958667.23,1023709.2425754475
336,12,2012-08-10,984689.9,1002262.0712354777
337,12,2012-08-17,1005003.12,1004375.2964026022
338,12,2012-08-24,1048101.39,1035491.960271479
339,12,2012-08-31,1061943.49,1052787.7355506918
340,12,2012-09-07,955146.04,969988.6922427958
341,12,2012-09-14,885892.37,944574.7820296258
342,12,2012-09-21,922735.37,932116.649384547
343,12,2012-09-28,880415.67,924798.2460945006
344,12,2012-10-05,979825.92,976919.3349471319
345,12,2012-10-12,934917.47,958213.1034472068
346,12,2012-10-19,960945.43,963561.2256588307
347,12,2012-10-26,974697.6,993036.6946512053
348,13,2012-04-13,2057637.86,2140316.4144970365
349,13,2012-04-20,1955689.12,2251772.6111334353
350,13,2012-04-27,1970121.65,2089898.008610187
351,13,2012-05-04,1995994.51,2147520.5190400938
352,13,2012-05-11,2080764.17,2114746.412854983
353,13,2012-05-18,2131900.55,2051600.6812833692
354,13,2012-05-25,2043349.41,2041157.4870880144
355,13,2012-06-01,2035431.39,2082809.2496229657
356,13,2012-06-08,2182437.9,2109523.412215735
357,13,2012-06-15,2152229.11,2162625.501707793
358,13,2012-06-22,2094373.0,2102022.375544996
359,13,2012-06-29,2037663.71,2122961.3787030093
360,13,2012-07-06,2184980.35,2095471.3475096235
361,13,2012-07-13,2002750.99,2050179.9451168678
362,13,2012-07-20,2053089.32,2059269.6715864246
363,13,2012-07-27,1914430.53,1987337.5004674785
364,13,2012-08-03,2044148.23,2101643.0934862657
365,13,2012-08-10,2041019.92,2029651.8002238618
366,13,2012-08-17,2095769.18,2096716.6172347276
367,13,2012-08-24,2059458.25,2056645.4221722975
368,13,2012-08-31,2073855.42,1996500.8277791566
369,13,2012-09-07,2165796.31,1940029.4786297826
370,13,2012-09-14,1919917.03,1963821.2091311032
371,13,2012-09-21,1938379.66,1910331.0233348745
372,13,2012-09-28,1927664.11,1895166.7759125284
373,13,2012-10-05,2041918.74,2036221.8765712688
374,13,2012-10-12,1999079.44,1941700.257502854
375,13,2012-10-19,2018010.15,1963851.1261241413
376,13,2012-10-26,2035189.66,1941007.9089613263
377,14,2012-04-13,1912909.69,2038213.7101673
378,14,2012-04-20,1875686.44,2262902.4205019358
379,14,2012-04-27,1784029.95,2011278.4351905265
380,14,2012-05-04,1949354.29,2151364.111193474
381,14,2012-05-11,1987531.05,2054584.9698032485
382,14,2012-05-18,1932233.17,2056783.4697390574
383,14,2012-05-25,2030869.61,2098236.6079468695
384,14,2012-06-01,2049485.49,2119137.499365254
385,14,2012-06-08,2099615.88,2125940.5074586556
386,14,2012-06-15,1905733.68,2110686.6620343863
387,14,2012-06-22,1660228.88,2083063.6073451287
388,14,2012-06-29,1591835.02,2097114.5130398357
389,14,2012-07-06,1862128.95,2074269.941926425
390,14,2012-07-13,1544422.35,2014825.541447179
391,14,2012-07-20,1553250.16,1958335.661013316
392,14,2012-07-27,1479514.66,1956499.140266629
393,14,2012-08-03,1656886.46,2064688.5988551427
394,14,2012-08-10,1648570.03,1983994.2711121675
395,14,2012-08-17,1660433.3,1955698.7770987484
396,14,2012-08-24,1621841.33,2186605.154602426
397,14,2012-08-31,1613342.19,1860684.6970904318
398,14,2012-09-07,1904512.34,2136321.113836642
399,14,2012-09-14,1554794.22,1923832.6751849595
400,14,2012-09-21,1565352.46,1927521.9177504133
401,14,2012-09-28,1522512.2,1884319.6609153242
402,14,2012-10-05,1687592.16,2046942.5770945041
403,14,2012-10-12,1639585.61,1927355.219964148
404,14,2012-10-19,1590274.72,1997694.2714059094
405,14,2012-10-26,1704357.62,2022228.3807015605
406,15,2012-04-13,558585.13,626433.4587853621
407,15,2012-04-20,534780.57,658005.9026305161
408,15,2012-04-27,527402.62,590450.7118310557
409,15,2012-05-04,577868.38,634837.9233931499
410,15,2012-05-11,579539.95,627324.9625873704
411,15,2012-05-18,600050.98,604630.6537353529
412,15,2012-05-25,693780.42,624387.3661189956
413,15,2012-06-01,663971.26,660810.2568421849
414,15,2012-06-08,611390.67,622060.3736323249
415,15,2012-06-15,636737.65,619370.8867256867
416,15,2012-06-22,687085.6,624502.2533325753
417,15,2012-06-29,624099.48,634444.2784594316
418,15,2012-07-06,678024.75,605009.3358974995
419,15,2012-07-13,591335.5,596542.0376118958
420,15,2012-07-20,592369.22,581815.0722494979
421,15,2012-07-27,571190.83,561318.8388996773
422,15,2012-08-03,590739.62,576313.9122513183
423,15,2012-08-10,590453.63,563679.6846537024
424,15,2012-08-17,579738.2,565373.2674538909
425,15,2012-08-24,606210.77,567013.13867899
426,15,2012-08-31,610185.32,590848.1542190629
427,15,2012-09-07,587259.82,562796.8232012319
428,15,2012-09-14,527509.76,520548.7207663208
429,15,2012-09-21,533161.64,518707.3578872393
430,15,2012-09-28,553901.97,500515.62517501647
431,15,2012-10-05,573498.64,534367.289843316
432,15,2012-10-12,551799.63,505425.8705018157
433,15,2012-10-19,555652.77,544418.8284796107
434,15,2012-10-26,558473.6,533268.1316592477
435,16,2012-04-13,450756.71,477730.7111076449
436,16,2012-04-20,436221.26,442477.6572035871
437,16,2012-04-27,398445.15,441900.8154761113
438,16,2012-05-04,426959.62,470115.3653448848
439,16,2012-05-11,479855.0,456397.27887118375
440,16,2012-05-18,493506.47,471283.1874931924
441,16,2012-05-25,518045.09,472186.56078262377
442,16,2012-06-01,532311.93,524206.7070664707
443,16,2012-06-08,603618.89,562765.9584317914
444,16,2012-06-15,570045.79,549628.0679777352
445,16,2012-06-22,581745.72,538188.1262594636
446,16,2012-06-29,570162.28,560975.3010290712
447,16,2012-07-06,641763.53,573379.9695090867
448,16,2012-07-13,569005.06,542416.9558834478
449,16,2012-07-20,565297.54,536122.4176247644
450,16,2012-07-27,539337.87,534704.3714190932
451,16,2012-08-03,584000.71,538252.3658198181
452,16,2012-08-10,554036.84,518541.6993546109
453,16,2012-08-17,521896.6,510116.280970423
454,16,2012-08-24,551152.15,509829.71805805573
455,16,2012-08-31,551837.31,521631.51988838956
456,16,2012-09-07,537138.58,515888.79675128515
457,16,2012-09-14,526525.16,491652.25576520833
458,16,2012-09-21,509942.56,468720.66436433396
459,16,2012-09-28,469607.73,432811.4695802726
460,16,2012-10-05,471281.68,450989.3659981321
461,16,2012-10-12,491817.19,458134.64337573823
462,16,2012-10-19,577198.97,494107.71090849873
463,16,2012-10-26,475770.14,458755.8333414206
464,17,2012-04-13,877055.32,895763.345305138
465,17,2012-04-20,1119979.98,1042155.671685907
466,17,2012-04-27,925916.65,886108.2276022104
467,17,2012-05-04,930121.14,936812.4282703424
468,17,2012-05-11,944100.3,923130.9937405323
469,17,2012-05-18,968816.33,913121.805653316
470,17,2012-05-25,984881.59,935458.4548274016
471,17,2012-06-01,938914.28,940599.6043061729
472,17,2012-06-08,987990.24,928916.2153024429
473,17,2012-06-15,964169.67,938971.6735981099
474,17,2012-06-22,981210.57,951222.6720804452
475,17,2012-06-29,982322.24,964118.8067370675
476,17,2012-07-06,1046782.52,947368.6385471658
477,17,2012-07-13,960746.04,941161.2605197219
478,17,2012-07-20,944698.7,937453.5951657597
479,17,2012-07-27,907493.24,916550.931606902
480,17,2012-08-03,877813.33,917774.382563391
481,17,2012-08-10,849074.04,880335.4046242498
482,17,2012-08-17,844928.17,877425.6326015621
483,17,2012-08-24,924299.78,900414.1827300165
484,17,2012-08-31,865924.2,905325.9013214207
485,17,2012-09-07,1255633.29,1086403.9864764246
486,17,2012-09-14,1071040.22,1021856.2456152407
487,17,2012-09-21,938303.28,932010.0574813553
488,17,2012-09-28,972716.24,915615.0100921545
489,17,2012-10-05,952609.17,944030.9443264881
490,17,2012-10-12,919878.34,923880.8997071891
491,17,2012-10-19,957356.84,919711.9758953347
492,17,2012-10-26,943465.29,953234.4438489522
493,18,2012-04-13,998443.5,1089831.0802663025
494,18,2012-04-20,1025813.8,1174815.2840514127
495,18,2012-04-27,961186.23,1074425.767643618
496,18,2012-05-04,1050027.89,1137853.0012539374
497,18,2012-05-11,1060433.1,1078529.13660374
498,18,2012-05-18,1047444.59,1083276.5965517312
499,18,2012-05-25,1088446.58,1114577.607617501
500,18,2012-06-01,1118313.7,1184877.126649075
501,18,2012-06-08,1110479.94,1093398.42490527
502,18,2012-06-15,1057425.83,1094059.9433001396
503,18,2012-06-22,1080357.89,1092599.2699428585
504,18,2012-06-29,1097006.3,1109685.5776216162
505,18,2012-07-06,1158247.31,1079492.27583624
506,18,2012-07-13,1024784.92,1031917.7831320085
507,18,2012-07-20,1033543.56,1035925.636725408
508,18,2012-07-27,924506.26,1010312.6600445216
509,18,2012-08-03,1052066.58,1034669.976943698
510,18,2012-08-10,967304.07,985961.5500289944
511,18,2012-08-17,1048134.24,983577.0771801447
512,18,2012-08-24,1145840.91,1111707.449552992
513,18,2012-08-31,1117097.23,735946.2677166511
514,18,2012-09-07,1083521.24,983429.834402376
515,18,2012-09-14,960476.1,914336.950952881
516,18,2012-09-21,971386.65,915188.9760730916
517,18,2012-09-28,1002856.2,907502.1851131835
518,18,2012-10-05,1092204.79,1009243.5354433149
519,18,2012-10-12,1074079.0,964734.7671194784
520,18,2012-10-19,1048706.75,1018968.8662865789
521,18,2012-10-26,1127516.25,1050799.5560202245
522,19,2012-04-13,1365098.46,1462851.018974346
523,19,2012-04-20,1255087.26,1546100.7980975697
524,19,2012-04-27,1285897.24,1397552.9373329782
525,19,2012-05-04,1405007.44,1498238.5079790927
526,19,2012-05-11,1442873.22,1471334.573615296
527,19,2012-05-18,1366937.1,1429630.064927706
528,19,2012-05-25,1485540.28,1439076.8772946324
529,19,2012-06-01,1450733.29,1483435.2089750883
530,19,2012-06-08,1390122.11,1480141.8167374125
531,19,2012-06-15,1440263.15,1451242.3885809653
532,19,2012-06-22,1468350.36,1456323.076886069
533,19,2012-06-29,1379652.65,1469720.7527605298
534,19,2012-07-06,1557120.44,1464060.2989574894
535,19,2012-07-13,1321741.35,1417843.037564474
536,19,2012-07-20,1317672.92,1402379.099734682
537,19,2012-07-27,1248915.43,1352854.4923096928
538,19,2012-08-03,1342123.78,1414558.6956719363
539,19,2012-08-10,1408907.89,1383216.097357989
540,19,2012-08-17,1375101.26,1396681.8883729593
541,19,2012-08-24,1544653.37,1490225.4573734438
542,19,2012-08-31,1542719.87,1523379.507394552
543,19,2012-09-07,1497073.82,1494347.7812254988
544,19,2012-09-14,1370653.41,1366144.735645826
545,19,2012-09-21,1338572.29,1323391.2860646783
546,19,2012-09-28,1338299.02,1337597.529632482
547,19,2012-10-05,1408016.1,1415191.0892763431
548,19,2012-10-12,1352809.5,1323266.6738231427
549,19,2012-10-19,1321102.35,1354693.6044124116
550,19,2012-10-26,1322117.96,1364012.82879616
551,20,2012-04-13,2045396.06,2293954.921857281
552,20,2012-04-20,1884427.84,2474076.6015954018
553,20,2012-04-27,1886503.93,2176677.0818528635
554,20,2012-05-04,2163510.89,2321396.9113096474
555,20,2012-05-11,2168097.11,2261159.841614213
556,20,2012-05-18,2039222.26,2221936.767338613
557,20,2012-05-25,2114989.0,2193871.014161509
558,20,2012-06-01,2143126.59,2347331.8198763765
559,20,2012-06-08,2231962.13,2299471.5246531675
560,20,2012-06-15,2165160.29,2261582.860896599
561,20,2012-06-22,2060588.69,2175427.989331022
562,20,2012-06-29,2055952.61,2240595.772073797
563,20,2012-07-06,2358055.3,2269895.3220093017
564,20,2012-07-13,2134680.12,2219239.9381992486
565,20,2012-07-20,1970170.29,2152615.7340079984
566,20,2012-07-27,1911559.1,2095315.0870347982
567,20,2012-08-03,2094515.71,2287086.0706224716
568,20,2012-08-10,2144245.39,2201371.6882365453
569,20,2012-08-17,2045061.22,2153615.913890993
570,20,2012-08-24,2005341.43,2116439.3255252787
571,20,2012-08-31,2062481.56,2235081.7609190983
572,20,2012-09-07,2080529.06,2175976.140374629
573,20,2012-09-14,2047949.98,2124112.2885732073
574,20,2012-09-21,2028587.24,2064725.7117629754
575,20,2012-09-28,2008350.58,2092522.987318407
576,20,2012-10-05,2246411.89,2204805.0650352044
577,20,2012-10-12,2162951.36,2120706.0113607505
578,20,2012-10-19,1999363.49,2173933.2361874646
579,20,2012-10-26,2031650.55,2143492.58242739
580,21,2012-04-13,769319.04,756394.2036234961
581,21,2012-04-20,734858.91,767574.9905866905
582,21,2012-04-27,674829.58,758856.6497453823
583,21,2012-05-04,697645.32,711742.6868107937
584,21,2012-05-11,649945.54,735110.0299079402
585,21,2012-05-18,700554.16,721120.3990910947
586,21,2012-05-25,722891.24,723014.1099935662
587,21,2012-06-01,695439.83,732499.1571797783
588,21,2012-06-08,707895.72,747002.8802562257
589,21,2012-06-15,727049.04,756203.862063488
590,21,2012-06-22,735870.0,727216.5638383111
591,21,2012-06-29,716341.39,727232.9688836721
592,21,2012-07-06,693013.59,699091.3583326475
593,21,2012-07-13,668132.36,687731.5081757279
594,21,2012-07-20,691200.33,723700.2033994794
595,21,2012-07-27,677789.14,695913.0530742675
596,21,2012-08-03,693785.85,717642.4212102015
597,21,2012-08-10,700272.01,705964.9772599488
598,21,2012-08-17,751963.81,755434.229714044
599,21,2012-08-24,802003.61,727204.4491210788
600,21,2012-08-31,763867.59,660059.8661835529
601,21,2012-09-07,642827.29,621635.2891296475
602,21,2012-09-14,628494.63,623634.4701080581
603,21,2012-09-21,667151.46,633334.3775565969
604,21,2012-09-28,647097.65,617638.9702327492
605,21,2012-10-05,651768.91,617287.02902248
606,21,2012-10-12,653043.44,624345.8258599131
607,21,2012-10-19,641368.14,651826.2071372843
608,21,2012-10-26,675202.87,660004.3594929463
609,22,2012-04-13,939118.24,1098887.252993349
610,22,2012-04-20,1000342.87,1202722.3573804083
611,22,2012-04-27,922539.94,1038039.5827284125
612,22,2012-05-04,1005083.31,1114173.5606638757
613,22,2012-05-11,997868.63,1076830.5886997625
614,22,2012-05-18,986612.02,1063463.5951897178
615,22,2012-05-25,1047297.38,1080520.0392941379
616,22,2012-06-01,1102857.37,1150201.5978208242
617,22,2012-06-08,1061134.37,1096388.7845992122
618,22,2012-06-15,1061219.19,1087205.025179711
619,22,2012-06-22,1112449.3,1056921.163780297
620,22,2012-06-29,1053881.78,1099042.1833260763
621,22,2012-07-06,1097786.14,1050862.730964605
622,22,2012-07-13,971361.38,1016052.6811251316
623,22,2012-07-20,991969.37,1008967.7296223522
624,22,2012-07-27,925731.21,995680.7253915117
625,22,2012-08-03,1007257.83,1012011.6814075686
626,22,2012-08-10,973812.79,1015946.2129424071
627,22,2012-08-17,981273.26,996990.0322758668
628,22,2012-08-24,1060906.75,1127018.378798524
629,22,2012-08-31,1022270.86,950489.5442873505
630,22,2012-09-07,996628.8,1006087.9291727351
631,22,2012-09-14,918049.28,957802.8989766742
632,22,2012-09-21,921612.53,931404.8120288783
633,22,2012-09-28,976479.51,959727.044227178
634,22,2012-10-05,1009887.36,982238.7108658444
635,22,2012-10-12,1004039.84,946084.6320594943
636,22,2012-10-19,978027.95,966614.629973313
637,22,2012-10-26,1094422.69,1036264.5804536258
638,23,2012-04-13,1231752.54,1474697.1503740142
639,23,2012-04-20,1287899.41,1604643.132212438
640,23,2012-04-27,1277758.76,1398902.0414671884
641,23,2012-05-04,1317379.68,1522706.6733432666
642,23,2012-05-11,1321914.34,1427984.146041239
643,23,2012-05-18,1332952.47,1482540.0104028336
644,23,2012-05-25,1552934.64,1472555.5886165523
645,23,2012-06-01,1476144.34,1595079.1289193726
646,23,2012-06-08,1568048.54,1503845.7453042315
647,23,2012-06-15,1543667.68,1515433.1031759388
648,23,2012-06-22,1522042.57,1475411.0261993196
649,23,2012-06-29,1451782.16,1506516.1163018048
650,23,2012-07-06,1545370.16,1421952.9911923695
651,23,2012-07-13,1384921.63,1404383.9207857116
652,23,2012-07-20,1381339.23,1391751.8653313746
653,23,2012-07-27,1322932.36,1359026.1930635138
654,23,2012-08-03,1416926.31,1405871.8356831928
655,23,2012-08-10,1436311.76,1376911.2257540007
656,23,2012-08-17,1510131.45,1410058.9984414882
657,23,2012-08-24,1702220.96,1515017.6288356255
658,23,2012-08-31,1577468.78,1398777.3014323844
659,23,2012-09-07,1427162.26,1365972.9740288733
660,23,2012-09-14,1279041.64,1252266.1522704638
661,23,2012-09-21,1338627.55,1266436.702903893
662,23,2012-09-28,1319035.06,1249087.2340679388
663,23,2012-10-05,1464616.59,1356459.6860602824
664,23,2012-10-12,1412925.25,1221925.3234746293
665,23,2012-10-19,1363155.77,1326572.6270656877
666,23,2012-10-26,1347454.59,1297675.519029982
667,24,2012-04-13,1285783.87,1333802.393108517
668,24,2012-04-20,1208654.4,1417610.4110553896
669,24,2012-04-27,1194334.65,1302135.813984303
670,24,2012-05-04,1306551.71,1391948.1615468138
671,24,2012-05-11,1355391.79,1366586.0342003026
672,24,2012-05-18,1298809.8,1323506.525450903
673,24,2012-05-25,1407897.57,1362253.1793805382
674,24,2012-06-01,1467722.19,1509110.2189246968
675,24,2012-06-08,1406313.13,1395550.5232055748
676,24,2012-06-15,1364445.98,1364276.4756371274
677,24,2012-06-22,1434709.63,1350269.3965746749
678,24,2012-06-29,1428869.9,1433926.2315256775
679,24,2012-07-06,1645097.75,1502389.3870580823
680,24,2012-07-13,1405475.78,1376283.5903362404
681,24,2012-07-20,1394299.0,1373164.8929182799
682,24,2012-07-27,1307339.14,1344185.233372218
683,24,2012-08-03,1440374.13,1404539.193262845
684,24,2012-08-10,1497054.81,1394278.9862325257
685,24,2012-08-17,1397970.54,1361122.8222073053
686,24,2012-08-24,1303726.54,1389463.507601497
687,24,2012-08-31,1344558.92,1263877.4804517257
688,24,2012-09-07,1477134.75,1459497.0720604602
689,24,2012-09-14,1242909.53,1278268.9993887795
690,24,2012-09-21,1261158.47,1279268.7672850667
691,24,2012-09-28,1259278.36,1285097.939908156
692,24,2012-10-05,1416720.54,1378274.8391434932
693,24,2012-10-12,1416301.17,1332679.0747590696
694,24,2012-10-19,1255414.84,1301046.1905981952
695,24,2012-10-26,1307182.29,1312818.5909726627
696,25,2012-04-13,658691.56,763159.2700956969
697,25,2012-04-20,661566.48,814403.8175016607
698,25,2012-04-27,655157.32,738080.1770311346
699,25,2012-05-04,696421.72,743430.8879864239
700,25,2012-05-11,739866.16,751232.8421935033
701,25,2012-05-18,717207.19,745228.9747425991
702,25,2012-05-25,783371.02,763338.4827648139
703,25,2012-06-01,694765.95,773075.5114760962
704,25,2012-06-08,730254.19,768305.8730600738
705,25,2012-06-15,753860.89,751341.4677886703
706,25,2012-06-22,721601.9,734124.5013633252
707,25,2012-06-29,718890.81,735553.432913576
708,25,2012-07-06,753385.55,725332.2494347498
709,25,2012-07-13,714093.95,710960.5413409404
710,25,2012-07-20,685676.58,699891.5569111647
711,25,2012-07-27,659109.53,695135.0320467015
712,25,2012-08-03,709724.6,697514.7264085386
713,25,2012-08-10,710496.97,686361.9405295649
714,25,2012-08-17,728467.72,695596.2014340016
715,25,2012-08-24,756527.64,715725.4145235751
716,25,2012-08-31,714828.73,694863.8995333991
717,25,2012-09-07,671482.9,674945.638772954
718,25,2012-09-14,657241.63,643097.478367959
719,25,2012-09-21,664745.2,634898.2332480542
720,25,2012-09-28,683300.84,642529.4832526444
721,25,2012-10-05,699536.73,659520.2067575726
722,25,2012-10-12,697317.41,640477.4875026848
723,25,2012-10-19,685531.85,664648.3097194135
724,25,2012-10-26,688940.94,682279.0524704678
725,26,2012-04-13,889670.29,951481.4796038815
726,26,2012-04-20,923600.02,995982.7802568373
727,26,2012-04-27,911969.0,955536.4364705479
728,26,2012-05-04,946573.29,1053723.4209285015
729,26,2012-05-11,1062548.73,994205.6342262696
730,26,2012-05-18,978082.84,996065.8528468373
731,26,2012-05-25,1067310.74,1025321.2349939735
732,26,2012-06-01,1015853.03,1062554.3206353418
733,26,2012-06-08,1106176.83,1081664.52564829
734,26,2012-06-15,1029248.22,1013801.366133044
735,26,2012-06-22,1056282.91,1019331.8634357582
736,26,2012-06-29,1051190.44,1063813.6821927468
737,26,2012-07-06,1180470.8,1099279.833142785
738,26,2012-07-13,1063149.78,1030186.9447599017
739,26,2012-07-20,1049625.9,1024969.9307897226
740,26,2012-07-27,1031745.14,1016478.5303947122
741,26,2012-08-03,1090915.09,1076319.408399018
742,26,2012-08-10,1121476.51,1063038.8916555943
743,26,2012-08-17,1068292.56,1020399.4606064805
744,26,2012-08-24,1022704.2,1045297.0152555695
745,26,2012-08-31,1053495.51,1028150.1154913467
746,26,2012-09-07,1081874.03,1044802.5163711017
747,26,2012-09-14,986131.94,970536.5757214914
748,26,2012-09-21,961084.08,951961.163582269
749,26,2012-09-28,964726.37,971829.231576224
750,26,2012-10-05,1095504.26,1074599.257062992
751,26,2012-10-12,1044639.69,985842.0743145291
752,26,2012-10-19,975578.02,976312.0866264438
753,26,2012-10-26,958619.8,972875.3410004098
754,27,2012-04-13,1650405.21,1744032.7410434398
755,27,2012-04-20,1639999.47,1876004.5202471064
756,27,2012-04-27,1565498.84,1687357.359720774
757,27,2012-05-04,1669388.45,1766676.584961804
758,27,2012-05-11,1674306.31,1755858.6236439764
759,27,2012-05-18,1707158.82,1738743.729281919
760,27,2012-05-25,1818906.73,1784883.5143393248
761,27,2012-06-01,1900638.6,1930415.977553267
762,27,2012-06-08,1764756.31,1777159.6632467427
763,27,2012-06-15,1773500.56,1777225.6953707195
764,27,2012-06-22,1837884.79,1767042.4190487622
765,27,2012-06-29,1842555.32,1851992.009021263
766,27,2012-07-06,2062224.92,1875489.523230783
767,27,2012-07-13,1755889.53,1730427.2460822132
768,27,2012-07-20,1730913.66,1719956.2590341098
769,27,2012-07-27,1625883.71,1712816.3569822684
770,27,2012-08-03,1705810.84,1708939.2276888026
771,27,2012-08-10,1720537.26,1714124.5029459076
772,27,2012-08-17,1735339.59,1723592.178441599
773,27,2012-08-24,1780443.36,1875217.0947612778
774,27,2012-08-31,1731935.43,1552810.0248681935
775,27,2012-09-07,1840955.23,1793737.419090912
776,27,2012-09-14,1519604.5,1608528.7922348746
777,27,2012-09-21,1557485.75,1601429.7791589766
778,27,2012-09-28,1540687.63,1593582.0922453036
779,27,2012-10-05,1591816.88,1635175.7212898585
780,27,2012-10-12,1660081.29,1637798.5618982646
781,27,2012-10-19,1620374.24,1639270.4621587363
782,27,2012-10-26,1703047.74,1648413.168943156
783,28,2012-04-13,1290684.95,1298631.6989587364
784,28,2012-04-20,1180797.2,1369492.1825800545
785,28,2012-04-27,1170456.16,1293024.8343088194
786,28,2012-05-04,1450628.85,1483195.6426134328
787,28,2012-05-11,1264575.18,1312796.4313882934
788,28,2012-05-18,1213310.45,1280730.3939508994
789,28,2012-05-25,1151214.41,1264137.4050138998
790,28,2012-06-01,1245480.95,1414699.4533627748
791,28,2012-06-08,1440687.69,1363424.0377221343
792,28,2012-06-15,1229760.97,1338322.4252828886
793,28,2012-06-22,1180671.55,1292979.406316829
794,28,2012-06-29,1129031.98,1363477.7047129385
795,28,2012-07-06,1500863.54,1429936.5803651554
796,28,2012-07-13,1179915.04,1295294.503048989
797,28,2012-07-20,1149427.48,1270335.301125111
798,28,2012-07-27,1135035.09,1248506.4467046142
799,28,2012-08-03,1376520.1,1465041.508009843
800,28,2012-08-10,1269113.41,1303687.4673743828
801,28,2012-08-17,1184198.41,1288671.5276558665
802,28,2012-08-24,1199309.59,1273889.027023937
803,28,2012-08-31,1227118.75,1434565.956466993
804,28,2012-09-07,1469693.99,1350771.2113271214
805,28,2012-09-14,1124660.77,1265670.0645582932
806,28,2012-09-21,1135340.19,1240308.7916024532
807,28,2012-09-28,1129508.61,1244201.006266663
808,28,2012-10-05,1462941.03,1483049.916858384
809,28,2012-10-12,1205536.71,1298133.5135861197
810,28,2012-10-19,1143724.48,1289406.1944471616
811,28,2012-10-26,1213860.61,1309321.50845967
812,29,2012-04-13,520493.83,568549.9071237898
813,29,2012-04-20,525200.59,613431.7098039899
814,29,2012-04-27,497250.22,547383.1541791402
815,29,2012-05-04,504963.84,573424.8247862537
816,29,2012-05-11,529707.87,576032.9151271427
817,29,2012-05-18,543706.04,541823.9744505838
818,29,2012-05-25,549665.67,571089.9379048649
819,29,2012-06-01,576252.35,599833.6793617836
820,29,2012-06-08,554093.15,570209.5966962924
821,29,2012-06-15,552338.76,556504.1436082869
822,29,2012-06-22,581854.5,556783.4998489238
823,29,2012-06-29,555954.13,569119.2773511109
824,29,2012-07-06,578832.41,552771.4366273872
825,29,2012-07-13,514709.76,525813.6018058052
826,29,2012-07-20,506705.36,522994.2265245107
827,29,2012-07-27,475158.24,501721.26757870335
828,29,2012-08-03,504754.74,515501.5301743332
829,29,2012-08-10,518628.42,494383.17073558475
830,29,2012-08-17,416881.66,507155.07833191426
831,29,2012-08-24,615026.15,572678.2432639233
832,29,2012-08-31,545844.91,501635.4842953316
833,29,2012-09-07,540811.85,504979.5672329455
834,29,2012-09-14,475127.18,482830.74815325125
835,29,2012-09-21,489079.23,481995.40128905314
836,29,2012-09-28,489674.23,461297.7881670927
837,29,2012-10-05,520632.8,501179.6844742029
838,29,2012-10-12,513737.0,474520.3269438271
839,29,2012-10-19,516909.24,490501.52715344104
840,29,2012-10-26,534970.68,493991.8499589771
841,30,2012-04-13,428784.7,437659.9328998826
842,30,2012-04-20,462909.41,448309.55575447896
843,30,2012-04-27,433744.83,440433.3336411175
844,30,2012-05-04,454477.54,446194.8199768505
845,30,2012-05-11,436070.45,440679.21336361783
846,30,2012-05-18,460945.14,444599.30533436005
847,30,2012-05-25,449355.91,442281.7472548729
848,30,2012-06-01,427021.18,443525.3003536357
849,30,2012-06-08,437222.94,440320.98374538415
850,30,2012-06-15,438523.24,444353.11702781206
851,30,2012-06-22,428554.63,439366.5648649974
852,30,2012-06-29,423192.4,441592.1555857346
853,30,2012-07-06,440553.42,438040.7768582804
854,30,2012-07-13,417640.34,438230.79286623275
855,30,2012-07-20,427491.04,439253.7583733249
856,30,2012-07-27,424581.17,435634.3942536798
857,30,2012-08-03,425136.55,442258.9928141098
858,30,2012-08-10,430878.28,434665.14530825044
859,30,2012-08-17,423351.15,435420.094969102
860,30,2012-08-24,425296.65,425171.6246216629
861,30,2012-08-31,439132.5,418095.4520124312
862,30,2012-09-07,433565.77,418448.2152426819
863,30,2012-09-14,437773.31,422952.9462699725
864,30,2012-09-21,443891.64,426272.8181327188
865,30,2012-09-28,425410.04,424323.2813315711
866,30,2012-10-05,446751.45,435917.0445469761
867,30,2012-10-12,434593.26,433209.3523300379
868,30,2012-10-19,437537.29,440100.05765646155
869,30,2012-10-26,439424.5,438928.00755544606
870,31,2012-04-13,1407842.91,1428958.5727893936
871,31,2012-04-20,1407036.59,1460011.204641166
872,31,2012-04-27,1311352.25,1381966.3982135653
873,31,2012-05-04,1391257.28,1415626.6331426385
874,31,2012-05-11,1392938.06,1425702.6290506155
875,31,2012-05-18,1441473.82,1413158.855389533
876,31,2012-05-25,1397094.26,1385440.94207105
877,31,2012-06-01,1404516.29,1436801.0450549952
878,31,2012-06-08,1443285.79,1432717.1208231486
879,31,2012-06-15,1431003.43,1470870.124981107
880,31,2012-06-22,1394065.76,1402152.6257694177
881,31,2012-06-29,1349202.25,1399194.273090882
882,31,2012-07-06,1458059.42,1428344.3176062733
883,31,2012-07-13,1374301.34,1423225.4482276258
884,31,2012-07-20,1392395.2,1414322.7743569217
885,31,2012-07-27,1303732.36,1358506.3959975706
886,31,2012-08-03,1390174.63,1428673.9530470283
887,31,2012-08-10,1386472.59,1436422.9139186563
888,31,2012-08-17,1410181.7,1461550.212702188
889,31,2012-08-24,1379783.21,1419532.0388885415
890,31,2012-08-31,1373651.49,1400149.3528407628
891,31,2012-09-07,1358111.62,1394090.0096581208
892,31,2012-09-14,1327705.44,1385480.6659225374
893,31,2012-09-21,1373064.87,1375436.7467807136
894,31,2012-09-28,1279080.58,1338108.0445982409
895,31,2012-10-05,1363365.05,1420791.912250199
896,31,2012-10-12,1401113.42,1391137.980655801
897,31,2012-10-19,1378730.45,1408612.0548370818
898,31,2012-10-26,1340232.55,1371085.7334443382
899,32,2012-04-13,1171834.47,1199921.7426300042
900,32,2012-04-20,1121405.91,1257348.0414068175
901,32,2012-04-27,1126962.44,1185996.1126253668
902,32,2012-05-04,1187384.53,1232789.6835950327
903,32,2012-05-11,1187051.07,1199323.4726005543
904,32,2012-05-18,1177539.71,1203451.7225786713
905,32,2012-05-25,1232784.22,1216790.2103658637
906,32,2012-06-01,1157557.79,1211300.8839617758
907,32,2012-06-08,1246322.44,1251132.1675201308
908,32,2012-06-15,1234759.54,1220272.540097928
909,32,2012-06-22,1196880.11,1198045.4818611648
910,32,2012-06-29,1178211.81,1219086.1347140255
911,32,2012-07-06,1214183.97,1158878.714385084
912,32,2012-07-13,1141184.66,1178441.2520437601
913,32,2012-07-20,1167829.33,1200283.1756904284
914,32,2012-07-27,1144901.52,1188639.185703127
915,32,2012-08-03,1183571.35,1204665.6678311566
916,32,2012-08-10,1227469.2,1205838.3202730343
917,32,2012-08-17,1261306.37,1211349.2390859374
918,32,2012-08-24,1272809.11,1185772.3570457257
919,32,2012-08-31,1183979.27,1162663.092027056
920,32,2012-09-07,1126685.95,1145542.3831492884
921,32,2012-09-14,1156377.47,1151211.5880983528
922,32,2012-09-21,1159119.6,1132476.8322584126
923,32,2012-09-28,1157111.15,1112402.6335782106
924,32,2012-10-05,1202775.24,1147819.5475156386
925,32,2012-10-12,1176681.31,1161029.098362611
926,32,2012-10-19,1199292.06,1143583.2015657274
927,32,2012-10-26,1219979.29,1161978.5048555522
928,33,2012-04-13,312698.67,274460.80780382705
929,33,2012-04-20,261837.2,261042.54851021094
930,33,2012-04-27,249798.75,261051.82756450394
931,33,2012-05-04,270497.51,264858.3198442975
932,33,2012-05-11,295841.84,275141.53286967886
933,33,2012-05-18,276899.95,256440.84306741966
934,33,2012-05-25,261851.74,256455.0659480718
935,33,2012-06-01,261131.09,258234.84113364358
936,33,2012-06-08,286082.76,265055.5022466151
937,33,2012-06-15,290444.31,255602.9884967255
938,33,2012-06-22,261666.29,255633.67781471636
939,33,2012-06-29,244338.31,250121.21253731474
940,33,2012-07-06,273690.37,266679.19209042186
941,33,2012-07-13,287033.64,267646.0346438744
942,33,2012-07-20,253205.89,255497.2291357491
943,33,2012-07-27,249134.32,248886.2762807088
944,33,2012-08-03,258533.12,256955.0000557847
945,33,2012-08-10,297753.49,271779.90447662055
946,33,2012-08-17,270097.76,256921.63709350963
947,33,2012-08-24,247672.56,254208.76948247917
948,33,2012-08-31,237129.81,255091.3075989177
949,33,2012-09-07,286428.78,274713.7805965712
950,33,2012-09-14,277417.53,265641.0335254534
951,33,2012-09-21,252709.58,252787.33206773738
952,33,2012-09-28,242813.51,250358.74562736062
953,33,2012-10-05,265444.9,265258.8311857821
954,33,2012-10-12,291781.15,269943.935571454
955,33,2012-10-19,254412.34,251853.3585311282
956,33,2012-10-26,253731.13,250736.84073999486
957,34,2012-04-13,987353.65,992193.107909591
958,34,2012-04-20,977628.78,1057500.0013003002
959,34,2012-04-27,940299.87,962295.2588391214
960,34,2012-05-04,991104.4,1003573.6770295702
961,34,2012-05-11,949625.52,1002198.4672505412
962,34,2012-05-18,998672.85,988639.9303671861
963,34,2012-05-25,1015737.61,984892.8058299116
964,34,2012-06-01,977062.44,987579.6828684943
965,34,2012-06-08,999511.29,984137.0948296376
966,34,2012-06-15,982345.51,997850.7308703526
967,34,2012-06-22,1000285.1,969732.5986649245
968,34,2012-06-29,942970.63,961144.898260218
969,34,2012-07-06,1007867.68,969316.7720054698
970,34,2012-07-13,954677.75,954468.6905504466
971,34,2012-07-20,950929.59,958789.126338532
972,34,2012-07-27,917883.79,920640.0459579007
973,34,2012-08-03,973250.41,973937.3852186832
974,34,2012-08-10,1004523.59,981327.3807328737
975,34,2012-08-17,1013820.86,982593.4400548507
976,34,2012-08-24,926250.21,928038.1649408242
977,34,2012-08-31,933487.71,959915.5424541539
978,34,2012-09-07,976415.56,961291.8444500559
979,34,2012-09-14,955211.7,958141.3764450061
980,34,2012-09-21,943047.78,942410.6008360297
981,34,2012-09-28,928629.31,922598.8561290788
982,34,2012-10-05,968896.68,970952.6164885964
983,34,2012-10-12,948613.39,944379.086822151
984,34,2012-10-19,963516.28,968495.2315590758
985,34,2012-10-26,956987.81,969978.4591031545
986,35,2012-04-13,788633.42,792964.1458354876
987,35,2012-04-20,794660.24,821888.1130610018
988,35,2012-04-27,721212.45,797124.4246040041
989,35,2012-05-04,772036.6,811318.5556702752
990,35,2012-05-11,802383.63,799890.2044586131
991,35,2012-05-18,819196.68,770527.8050443986
992,35,2012-05-25,822167.17,808683.1128343918
993,35,2012-06-01,932195.52,869438.0259954447
994,35,2012-06-08,873415.01,805659.4380455994
995,35,2012-06-15,848289.41,788698.8840656282
996,35,2012-06-22,911696.0,796709.011243999
997,35,2012-06-29,892133.41,809802.8046004893
998,35,2012-07-06,985479.64,778434.3536869052
999,35,2012-07-13,825763.48,768384.4927577251
1000,35,2012-07-20,841224.74,768561.3609361318
1001,35,2012-07-27,808030.15,737454.6243987601
1002,35,2012-08-03,866216.36,767103.2041991419
1003,35,2012-08-10,888368.8,760878.0812804934
1004,35,2012-08-17,887979.47,757978.6529432124
1005,35,2012-08-24,895274.72,800924.6205587536
1006,35,2012-08-31,931278.97,748781.4502481273
1007,35,2012-09-07,984833.35,810639.6890750598
1008,35,2012-09-14,821568.64,699706.9603764473
1009,35,2012-09-21,772302.94,677986.2442284564
1010,35,2012-09-28,814099.86,701097.5552713901
1011,35,2012-10-05,866064.4,723489.1074907766
1012,35,2012-10-12,873643.14,709816.1430243915
1013,35,2012-10-19,829284.67,730157.4648401244
1014,35,2012-10-26,865137.6,726146.5824519852
1015,36,2012-04-13,339407.94,324682.867123652
1016,36,2012-04-20,323915.32,306234.9676490563
1017,36,2012-04-27,308389.82,291396.24705817644
1018,36,2012-05-04,312467.52,314402.583948652
1019,36,2012-05-11,330518.34,315177.05785191833
1020,36,2012-05-18,324801.13,306733.3463606761
1021,36,2012-05-25,306098.17,294613.2496941113
1022,36,2012-06-01,306005.53,305518.3117196118
1023,36,2012-06-08,338273.38,305663.1317117091
1024,36,2012-06-15,333146.88,314560.0992502646
1025,36,2012-06-22,306411.01,299327.7059142311
1026,36,2012-06-29,291530.43,296749.878531084
1027,36,2012-07-06,306578.89,306842.76800985925
1028,36,2012-07-13,298337.41,310354.8910662028
1029,36,2012-07-20,303289.55,299639.9859406431
1030,36,2012-07-27,279643.43,296531.8704113447
1031,36,2012-08-03,304989.97,308141.3558423369
1032,36,2012-08-10,298947.51,307713.997224166
1033,36,2012-08-17,314607.22,304618.76585687505
1034,36,2012-08-24,282545.55,292159.58921625506
1035,36,2012-08-31,282647.48,294421.7227644322
1036,36,2012-09-07,293728.57,295533.1147983534
1037,36,2012-09-14,301893.63,291154.24285181717
1038,36,2012-09-21,293804.45,282023.6349825772
1039,36,2012-09-28,270677.98,278677.3593122756
1040,36,2012-10-05,277137.86,292288.8191485347
1041,36,2012-10-12,300236.85,290446.4067956588
1042,36,2012-10-19,287360.05,284495.01086848
1043,36,2012-10-26,272489.41,274604.0627611215
1044,37,2012-04-13,506973.17,541017.5675416811
1045,37,2012-04-20,523483.19,532637.6522117378
1046,37,2012-04-27,528807.45,518207.2401415427
1047,37,2012-05-04,535311.64,544361.3090409716
1048,37,2012-05-11,527983.04,523207.1225005314
1049,37,2012-05-18,534847.96,536528.7232093202
1050,37,2012-05-25,540625.79,520535.66182080767
1051,37,2012-06-01,531811.85,517957.85149730445
1052,37,2012-06-08,528940.78,521964.55794733134
1053,37,2012-06-15,508573.16,531734.235599494
1054,37,2012-06-22,484032.75,521755.9308690547
1055,37,2012-06-29,508309.81,527163.4210923404
1056,37,2012-07-06,519498.32,510466.3630341166
1057,37,2012-07-13,506005.47,516920.35143782396
1058,37,2012-07-20,503744.56,519666.741361737
1059,37,2012-07-27,514489.17,520355.39950409374
1060,37,2012-08-03,521959.28,522590.99091320776
1061,37,2012-08-10,500964.59,518935.94437717437
1062,37,2012-08-17,509633.71,520415.1246372495
1063,37,2012-08-24,522665.04,533102.0201512495
1064,37,2012-08-31,538344.1,533514.1621856741
1065,37,2012-09-07,526838.14,520962.27876300114
1066,37,2012-09-14,514651.74,524002.59684436314
1067,37,2012-09-21,521320.98,526665.5132344691
1068,37,2012-09-28,527953.14,525705.088830475
1069,37,2012-10-05,546122.37,530123.0064984446
1070,37,2012-10-12,521810.75,524154.0417258224
1071,37,2012-10-19,551969.1,530067.8085151796
1072,37,2012-10-26,534738.43,526223.5080289074
1073,38,2012-04-13,435790.74,433715.20258002426
1074,38,2012-04-20,401615.8,434353.9680722717
1075,38,2012-04-27,419964.77,422672.982602392
1076,38,2012-05-04,491755.69,469252.4677185131
1077,38,2012-05-11,429914.6,436029.7193490112
1078,38,2012-05-18,412314.71,435778.53607231175
1079,38,2012-05-25,422810.12,429975.69708500366
1080,38,2012-06-01,435579.7,454047.65191439923
1081,38,2012-06-08,448110.25,444587.82104355004
1082,38,2012-06-15,430222.07,430282.68776016106
1083,38,2012-06-22,405938.35,428136.1822318214
1084,38,2012-06-29,404634.36,448222.5753849607
1085,38,2012-07-06,471086.22,455007.06559831265
1086,38,2012-07-13,416036.75,436205.42380850046
1087,38,2012-07-20,441683.74,434741.55330999446
1088,38,2012-07-27,407186.47,428976.843622476
1089,38,2012-08-03,469311.17,477243.0345904525
1090,38,2012-08-10,436690.13,448203.53393351723
1091,38,2012-08-17,411866.46,432586.3916146054
1092,38,2012-08-24,397428.22,434994.00323594065
1093,38,2012-08-31,424904.95,464839.5361090336
1094,38,2012-09-07,490274.82,453858.6669171135
1095,38,2012-09-14,430944.39,459567.9069120704
1096,38,2012-09-21,409600.98,451917.18109068857
1097,38,2012-09-28,398468.08,435026.90324374015
1098,38,2012-10-05,458479.01,484228.7564117757
1099,38,2012-10-12,437320.66,454798.8171828552
1100,38,2012-10-19,428806.46,456460.7350851433
1101,38,2012-10-26,417290.38,441768.5913547052
1102,39,2012-04-13,1580732.73,1603031.9154542475
1103,39,2012-04-20,1433391.04,1746679.4736173442
1104,39,2012-04-27,1456997.2,1612065.5954219059
1105,39,2012-05-04,1512227.34,1613474.8063349186
1106,39,2012-05-11,1470792.41,1567418.2724495672
1107,39,2012-05-18,1522978.54,1601857.4905883102
1108,39,2012-05-25,1596036.66,1606803.5669120597
1109,39,2012-06-01,1640476.77,1692927.1322770854
1110,39,2012-06-08,1623442.24,1618149.468664092
1111,39,2012-06-15,1587499.82,1624329.1140344762
1112,39,2012-06-22,1532316.79,1558255.5951595956
1113,39,2012-06-29,1492388.98,1598743.9729973662
1114,39,2012-07-06,1659221.99,1579195.2860822948
1115,39,2012-07-13,1471261.76,1556115.307766797
1116,39,2012-07-20,1582168.27,1569225.6876447378
1117,39,2012-07-27,1487797.54,1573132.3624999244
1118,39,2012-08-03,1608277.74,1622177.0927095762
1119,39,2012-08-10,1641867.92,1616128.9468190556
1120,39,2012-08-17,1720221.91,1679876.9170464596
1121,39,2012-08-24,1724669.75,1642135.5507002082
1122,39,2012-08-31,1710923.94,1567654.527943671
1123,39,2012-09-07,1609811.75,1541641.09117315
1124,39,2012-09-14,1447614.08,1499820.2598333233
1125,39,2012-09-21,1555672.51,1474755.4366843011
1126,39,2012-09-28,1495607.07,1451876.3167398886
1127,39,2012-10-05,1574408.67,1529539.1107865677
1128,39,2012-10-12,1494417.07,1486948.625337084
1129,39,2012-10-19,1577486.33,1532539.9551235968
1130,39,2012-10-26,1569502.0,1531460.61725556
1131,40,2012-04-13,857811.17,945647.3318387952
1132,40,2012-04-20,896979.93,1016957.0519456234
1133,40,2012-04-27,875372.91,927883.7492491124
1134,40,2012-05-04,993311.59,1042077.6676722552
1135,40,2012-05-11,967729.35,960555.0205001608
1136,40,2012-05-18,896295.41,969262.076683165
1137,40,2012-05-25,991054.49,999920.3592042058
1138,40,2012-06-01,1037464.27,1067241.0288562784
1139,40,2012-06-08,1079386.88,1004290.2155199196
1140,40,2012-06-15,977950.28,998674.1429923296
1141,40,2012-06-22,1033552.18,996650.7990109042
1142,40,2012-06-29,988764.84,1041582.153778724
1143,40,2012-07-06,1182901.56,1072968.3842431437
1144,40,2012-07-13,979848.71,978813.6724795725
1145,40,2012-07-20,968502.38,991931.1680231461
1146,40,2012-07-27,954396.85,959929.9658421964
1147,40,2012-08-03,1068346.76,1039261.9294618
1148,40,2012-08-10,1007906.43,972109.0640694856
1149,40,2012-08-17,969387.48,961882.6884582536
1150,40,2012-08-24,945318.47,976855.1251099646
1151,40,2012-08-31,987264.67,966874.6964389865
1152,40,2012-09-07,1088248.4,1004732.6984695762
1153,40,2012-09-14,901709.82,922490.5447522267
1154,40,2012-09-21,899768.4,912386.6321414765
1155,40,2012-09-28,919595.44,932472.1366197485
1156,40,2012-10-05,1069112.0,1027287.7328023019
1157,40,2012-10-12,982523.26,943511.834236876
1158,40,2012-10-19,918170.5,945288.4907176176
1159,40,2012-10-26,921264.52,942967.1313146484
1160,41,2012-04-13,1323004.73,1307310.4860616706
1161,41,2012-04-20,1220815.33,1394072.1360215263
1162,41,2012-04-27,1248950.65,1292417.2399605284
1163,41,2012-05-04,1359770.73,1346439.9308264048
1164,41,2012-05-11,1353285.1,1343296.1063515542
1165,41,2012-05-18,1331514.44,1336453.4229356744
1166,41,2012-05-25,1424500.47,1341875.433417941
1167,41,2012-06-01,1374891.36,1360475.9620359975
1168,41,2012-06-08,1436383.84,1356037.8100865532
1169,41,2012-06-15,1384584.59,1346285.9051152878
1170,41,2012-06-22,1386407.17,1306868.1479397474
1171,41,2012-06-29,1355600.01,1365458.955861632
1172,41,2012-07-06,1456300.89,1359192.1405219159
1173,41,2012-07-13,1332594.07,1302189.3098905908
1174,41,2012-07-20,1347175.93,1323270.7299925308
1175,41,2012-07-27,1344723.97,1295745.688411686
1176,41,2012-08-03,1439607.35,1384919.534414884
1177,41,2012-08-10,1504545.94,1355936.3967096005
1178,41,2012-08-17,1560590.05,1384637.6993536067
1179,41,2012-08-24,1464462.85,1330747.7619551527
1180,41,2012-08-31,1360517.52,1296603.5696330701
1181,41,2012-09-07,1392143.82,1293281.568784975
1182,41,2012-09-14,1306644.25,1235158.9336597612
1183,41,2012-09-21,1276609.36,1218232.9765117008
1184,41,2012-09-28,1307928.01,1205430.4682955297
1185,41,2012-10-05,1400160.95,1276870.4527929467
1186,41,2012-10-12,1409544.97,1252927.2461396179
1187,41,2012-10-19,1326197.24,1230327.2970142309
1188,41,2012-10-26,1316542.59,1263345.714735417
1189,42,2012-04-13,639123.45,617376.8170727079
1190,42,2012-04-20,552529.23,577436.8031631949
1191,42,2012-04-27,526625.49,563045.8175368097
1192,42,2012-05-04,609274.89,618854.8012080409
1193,42,2012-05-11,643603.69,617597.1363629093
1194,42,2012-05-18,590636.38,573895.9598797633
1195,42,2012-05-25,535764.58,565112.5999653635
1196,42,2012-06-01,521953.78,584928.8266158899
1197,42,2012-06-08,642671.48,623529.7386378152
1198,42,2012-06-15,606309.13,585933.6056818753
1199,42,2012-06-22,540031.29,563503.426272208
1200,42,2012-06-29,507403.77,565071.2068720562
1201,42,2012-07-06,618702.09,610741.16537888
1202,42,2012-07-13,628099.08,609416.2543153368
1203,42,2012-07-20,530318.39,567995.8439475198
1204,42,2012-07-27,516352.21,550989.3376024071
1205,42,2012-08-03,573084.71,599656.967104286
1206,42,2012-08-10,576620.31,615272.9669572564
1207,42,2012-08-17,575997.78,575642.1273785896
1208,42,2012-08-24,535537.03,563562.5687280814
1209,42,2012-08-31,504760.57,580955.7260137277
1210,42,2012-09-07,617405.35,617835.2866920509
1211,42,2012-09-14,586737.66,601457.9488198882
1212,42,2012-09-21,527165.7,576244.7846719933
1213,42,2012-09-28,505978.46,566757.6879457636
1214,42,2012-10-05,593162.53,638791.6743173184
1215,42,2012-10-12,612379.9,620286.1494606436
1216,42,2012-10-19,541406.98,580611.1766938637
1217,42,2012-10-26,514756.08,569316.9741257948
1218,43,2012-04-13,665687.92,647434.0460763106
1219,43,2012-04-20,638144.98,646831.7616123378
1220,43,2012-04-27,593138.59,633166.679537388
1221,43,2012-05-04,637964.2,649969.5293251895
1222,43,2012-05-11,640159.04,665955.6634798879
1223,43,2012-05-18,648541.81,648519.0604015676
1224,43,2012-05-25,597406.39,615368.5525599177
1225,43,2012-06-01,605078.62,639621.1452724184
1226,43,2012-06-08,643032.51,644896.4419393709
1227,43,2012-06-15,634815.1,655164.6194179371
1228,43,2012-06-22,613270.79,626412.4953452842
1229,43,2012-06-29,593128.13,617604.7752757474
1230,43,2012-07-06,645618.59,647318.5559223804
1231,43,2012-07-13,627634.04,637964.9867131617
1232,43,2012-07-20,596554.05,621538.4413935023
1233,43,2012-07-27,572447.52,591590.8701986964
1234,43,2012-08-03,614378.94,624890.3154688756
1235,43,2012-08-10,643558.78,619736.4444814967
1236,43,2012-08-17,640210.85,651043.5877802114
1237,43,2012-08-24,598234.64,603177.14609054
1238,43,2012-08-31,593141.29,618090.2874274228
1239,43,2012-09-07,663814.18,643391.8042889035
1240,43,2012-09-14,625196.94,628939.5784090324
1241,43,2012-09-21,601990.02,613312.201678582
1242,43,2012-09-28,577792.32,598546.2865466408
1243,43,2012-10-05,642614.89,639134.3871859357
1244,43,2012-10-12,619369.72,614602.8400615711
1245,43,2012-10-19,623919.23,615974.8174756783
1246,43,2012-10-26,587603.55,605325.4402770458
1247,44,2012-04-13,311390.22,316321.7601284064
1248,44,2012-04-20,323233.8,310699.4012898567
1249,44,2012-04-27,330338.36,311636.87650260725
1250,44,2012-05-04,326053.28,320678.7418890426
1251,44,2012-05-11,341381.08,324865.69251973147
1252,44,2012-05-18,334042.43,322890.20100163954
1253,44,2012-05-25,343268.29,325478.80956772144
1254,44,2012-06-01,323410.94,325672.1613362306
1255,44,2012-06-08,340238.38,325591.86995383864
1256,44,2012-06-15,338400.82,321144.2736306574
1257,44,2012-06-22,336241.0,319330.8411996841
1258,44,2012-06-29,338386.08,328885.7289714226
1259,44,2012-07-06,358461.58,318551.04298979143
1260,44,2012-07-13,336479.49,315350.9086850427
1261,44,2012-07-20,337819.16,322534.36726027227
1262,44,2012-07-27,319855.26,310382.366187116
1263,44,2012-08-03,342385.38,319892.2865685164
1264,44,2012-08-10,333594.81,315896.00582491764
1265,44,2012-08-17,327389.51,316141.29242810875
1266,44,2012-08-24,337985.74,333344.6700145257
1267,44,2012-08-31,339490.69,325750.50102059264
1268,44,2012-09-07,338737.33,318621.5683614475
1269,44,2012-09-14,347726.67,322828.8559670977
1270,44,2012-09-21,336017.6,324588.08985444496
1271,44,2012-09-28,355307.94,320607.59070184804
1272,44,2012-10-05,337390.44,327225.7187481364
1273,44,2012-10-12,337796.13,317087.10300457315
1274,44,2012-10-19,323766.77,323766.5542751818
1275,44,2012-10-26,361067.07,323937.10271602403
1276,45,2012-04-13,781970.6,841290.3024699446
1277,45,2012-04-20,776661.74,873211.7986243003
1278,45,2012-04-27,711571.88,847772.5592309918
1279,45,2012-05-04,782300.68,863391.097762255
1280,45,2012-05-11,770487.37,845614.4747529349
1281,45,2012-05-18,800842.28,804263.0932956014
1282,45,2012-05-25,817741.17,853765.7496810788
1283,45,2012-06-01,837144.63,890636.9938382866
1284,45,2012-06-08,795133.0,845163.7709598404
1285,45,2012-06-15,821498.18,842317.2336339172
1286,45,2012-06-22,822569.16,806576.6435192104
1287,45,2012-06-29,773367.71,823211.7016757751
1288,45,2012-07-06,843361.1,803832.5686587627
1289,45,2012-07-13,749817.08,789696.5332606751
1290,45,2012-07-20,737613.65,780660.5312423937
1291,45,2012-07-27,711671.58,755908.0931065632
1292,45,2012-08-03,725729.51,789647.988102973
1293,45,2012-08-10,733037.32,761674.2988701748
1294,45,2012-08-17,722496.93,750145.43796355
1295,45,2012-08-24,718232.26,823835.0348374599
1296,45,2012-08-31,734297.87,752953.2397739425
1297,45,2012-09-07,766512.66,763012.6332284962
1298,45,2012-09-14,702238.27,737654.7018986795
1299,45,2012-09-21,723086.2,737099.6249502042
1300,45,2012-09-28,713173.95,724164.1918833319
1301,45,2012-10-05,733455.07,755770.0506881897
1302,45,2012-10-12,734464.36,732171.4970649055
1303,45,2012-10-19,718125.53,761419.8197395473
1304,45,2012-10-26,760281.43,764445.1451669442
